{"cameraMode":{"drawMode":0,"name":"Shaded","section":"Shading Mode"},"sceneLighting":false,"audioPlay":false,"sceneViewState":{"m_AlwaysRefresh":false,"showFog":true,"showSkybox":false,"showFlares":true,"showImageEffects":true,"showParticleSystems":true,"showVisualEffectGraphs":true,"m_FxEnabled":true},"in2DMode":false,"pivot":{"x":0.10087060928344727,"y":2.4756033420562746,"z":-0.12090587615966797},"rotation":{"x":-0.2986375391483307,"y":-0.016607971861958505,"z":0.005194154568016529,"w":-0.9542150497436523},"size":3.486729621887207,"orthographic":false}