{"cameraMode":{"drawMode":0,"name":"Shaded","section":"Shading Mode"},"sceneLighting":true,"audioPlay":false,"sceneViewState":{"m_AlwaysRefresh":false,"showFog":true,"showSkybox":true,"showFlares":true,"showImageEffects":true,"showParticleSystems":true,"showVisualEffectGraphs":true,"m_FxEnabled":true},"in2DMode":false,"pivot":{"x":61.696014404296878,"y":31.498607635498048,"z":31.993881225585939},"rotation":{"x":0.06270506978034973,"y":0.439285010099411,"z":-0.03075558692216873,"w":0.8956285715103149},"size":2.913013219833374,"orthographic":false}