{"cameraMode":{"drawMode":0,"name":"Shaded","section":"Shading Mode"},"sceneLighting":true,"audioPlay":false,"sceneViewState":{"m_AlwaysRefresh":false,"showFog":true,"showSkybox":true,"showFlares":true,"showImageEffects":true,"showParticleSystems":true,"showVisualEffectGraphs":true,"m_FxEnabled":false},"in2DMode":false,"pivot":{"x":146.03152465820313,"y":401.3428955078125,"z":71.03836059570313},"rotation":{"x":-0.16126568615436555,"y":0.017763379961252214,"z":0.002903136657550931,"w":0.9867450594902039},"size":265.9181213378906,"orthographic":false}