{"cameraMode":{"drawMode":0,"name":"Shaded","section":"Shading Mode"},"sceneLighting":true,"audioPlay":false,"sceneViewState":{"m_AlwaysRefresh":false,"showFog":true,"showSkybox":true,"showFlares":true,"showImageEffects":true,"showParticleSystems":true,"showVisualEffectGraphs":true,"m_FxEnabled":true},"in2DMode":false,"pivot":{"x":82.88116455078125,"y":28.655990600585939,"z":24.03531265258789},"rotation":{"x":0.18570773303508759,"y":0.8013526797294617,"z":-0.31124526262283327,"w":0.47624215483665469},"size":22.254520416259767,"orthographic":false}