{"cameraMode":{"drawMode":0,"name":"Shaded","section":"Shading Mode"},"sceneLighting":true,"audioPlay":false,"sceneViewState":{"m_AlwaysRefresh":false,"showFog":true,"showSkybox":true,"showFlares":true,"showImageEffects":true,"showParticleSystems":true,"showVisualEffectGraphs":true,"m_FxEnabled":true},"in2DMode":false,"pivot":{"x":-0.26806068420410159,"y":19.479494094848634,"z":16.14046287536621},"rotation":{"x":-0.23764543235301972,"y":0.6147316098213196,"z":-0.20146681368350984,"w":-0.724662721157074},"size":15.936058044433594,"orthographic":false}