{"cameraMode":{"drawMode":0,"name":"Shaded","section":"Shading Mode"},"sceneLighting":true,"audioPlay":false,"sceneViewState":{"m_AlwaysRefresh":false,"showFog":true,"showSkybox":true,"showFlares":true,"showImageEffects":true,"showParticleSystems":true,"showVisualEffectGraphs":true,"m_FxEnabled":true},"in2DMode":false,"pivot":{"x":67.30000305175781,"y":33.85000228881836,"z":32.400001525878909},"rotation":{"x":-0.19212284684181214,"y":0.45132386684417727,"z":-0.10016562044620514,"w":-0.8656594753265381},"size":3.3309314250946047,"orthographic":true}