{"cameraMode":{"drawMode":0,"name":"Shaded","section":"Shading Mode"},"sceneLighting":true,"audioPlay":false,"sceneViewState":{"m_AlwaysRefresh":false,"showFog":true,"showSkybox":true,"showFlares":true,"showImageEffects":true,"showParticleSystems":true,"showVisualEffectGraphs":true,"m_FxEnabled":false},"in2DMode":false,"pivot":{"x":97.39279174804688,"y":-0.3702239990234375,"z":20.798696517944337},"rotation":{"x":-0.48912784457206728,"y":-0.18501004576683045,"z":0.10705074667930603,"w":-0.8456481099128723},"size":21.65252685546875,"orthographic":false}