{"cameraMode":{"drawMode":0,"name":"Shaded","section":"Shading Mode"},"sceneLighting":true,"audioPlay":false,"sceneViewState":{"m_AlwaysRefresh":false,"showFog":true,"showSkybox":true,"showFlares":true,"showImageEffects":true,"showParticleSystems":true,"showVisualEffectGraphs":true,"m_FxEnabled":false},"in2DMode":false,"pivot":{"x":383.74444580078127,"y":431.0915222167969,"z":28.265666961669923},"rotation":{"x":0.028306283056735994,"y":-0.1151965782046318,"z":0.0032839924097061159,"w":0.9929338097572327},"size":506.4530334472656,"orthographic":true}