{"cameraMode":{"drawMode":0,"name":"Shaded","section":"Shading Mode"},"sceneLighting":true,"audioPlay":false,"sceneViewState":{"m_AlwaysRefresh":false,"showFog":true,"showSkybox":true,"showFlares":true,"showImageEffects":true,"showParticleSystems":true,"showVisualEffectGraphs":true,"m_FxEnabled":true},"in2DMode":false,"pivot":{"x":54.12141799926758,"y":41.589515686035159,"z":20.283517837524415},"rotation":{"x":-0.1957358866930008,"y":0.13396961987018586,"z":-0.027002984657883645,"w":-0.9710903763771057},"size":21.65252685546875,"orthographic":true}