{"cameraMode":{"drawMode":0,"name":"Shaded","section":"Shading Mode"},"sceneLighting":true,"audioPlay":false,"sceneViewState":{"m_AlwaysRefresh":false,"showFog":true,"showSkybox":true,"showFlares":true,"showImageEffects":true,"showParticleSystems":true,"showVisualEffectGraphs":true,"m_FxEnabled":false},"in2DMode":false,"pivot":{"x":5.780077934265137,"y":29.329999923706056,"z":11.239999771118164},"rotation":{"x":0.21315161883831025,"y":-0.6666595935821533,"z":0.2080019861459732,"w":0.6833373308181763},"size":1.8481357097625733,"orthographic":false}