{"cameraMode":{"drawMode":0,"name":"Shaded","section":"Shading Mode"},"sceneLighting":true,"audioPlay":false,"sceneViewState":{"m_AlwaysRefresh":false,"showFog":true,"showSkybox":true,"showFlares":true,"showImageEffects":true,"showParticleSystems":true,"showVisualEffectGraphs":true,"m_FxEnabled":true},"in2DMode":false,"pivot":{"x":49.429771423339847,"y":93.21854400634766,"z":-23.57111930847168},"rotation":{"x":-0.2972451448440552,"y":0.004866953007876873,"z":-0.0015150349354371429,"w":-0.9547886848449707},"size":12.12435531616211,"orthographic":false}