{"cameraMode":{"drawMode":0,"name":"Shaded","section":"Shading Mode"},"sceneLighting":true,"audioPlay":false,"sceneViewState":{"m_AlwaysRefresh":false,"showFog":true,"showSkybox":true,"showFlares":true,"showImageEffects":true,"showParticleSystems":true,"showVisualEffectGraphs":true,"m_FxEnabled":true},"in2DMode":false,"pivot":{"x":145.34185791015626,"y":77.58879089355469,"z":-297.0748596191406},"rotation":{"x":0.07413018494844437,"y":-0.22625106573104859,"z":-0.017274808138608934,"w":-0.9710932374000549},"size":6.036540508270264,"orthographic":false}