{"cameraMode":{"drawMode":0,"name":"Shaded","section":"Shading Mode"},"sceneLighting":true,"audioPlay":false,"sceneViewState":{"m_AlwaysRefresh":false,"showFog":true,"showSkybox":true,"showFlares":true,"showImageEffects":true,"showParticleSystems":true,"showVisualEffectGraphs":true,"m_FxEnabled":false},"in2DMode":false,"pivot":{"x":8.059525489807129,"y":28.93586540222168,"z":11.343137741088868},"rotation":{"x":-0.17834727466106416,"y":-0.03250352665781975,"z":0.005881474353373051,"w":-0.9834534525871277},"size":1.216414451599121,"orthographic":false}