{"cameraMode":{"drawMode":0,"name":"Shaded","section":"Shading Mode"},"sceneLighting":true,"audioPlay":false,"sceneViewState":{"m_AlwaysRefresh":false,"showFog":true,"showSkybox":true,"showFlares":true,"showImageEffects":true,"showParticleSystems":true,"showVisualEffectGraphs":true,"m_FxEnabled":false},"in2DMode":false,"pivot":{"x":198.48440551757813,"y":210.7861785888672,"z":113.0760498046875},"rotation":{"x":-0.0703791156411171,"y":0.04188333824276924,"z":0.002957718214020133,"w":0.9966346621513367},"size":535.7921752929688,"orthographic":false}