{"cameraMode":{"drawMode":0,"name":"Shaded","section":"Shading Mode"},"sceneLighting":true,"audioPlay":false,"sceneViewState":{"m_AlwaysRefresh":false,"showFog":true,"showSkybox":true,"showFlares":true,"showImageEffects":true,"showParticleSystems":true,"showVisualEffectGraphs":true,"m_FxEnabled":true},"in2DMode":false,"pivot":{"x":35.25791931152344,"y":14.291646957397461,"z":105.36643981933594},"rotation":{"x":-0.224554643034935,"y":-0.05448896810412407,"z":0.012418894097208977,"w":-0.9729650020599365},"size":30.513408660888673,"orthographic":false}