{"cameraMode":{"drawMode":0,"name":"Shaded","section":"Shading Mode"},"sceneLighting":true,"audioPlay":false,"sceneViewState":{"m_AlwaysRefresh":false,"showFog":true,"showSkybox":true,"showFlares":true,"showImageEffects":true,"showParticleSystems":true,"showVisualEffectGraphs":true,"m_FxEnabled":false},"in2DMode":false,"pivot":{"x":87.87638092041016,"y":-11.650398254394532,"z":31.279155731201173},"rotation":{"x":0.5172519087791443,"y":0.02591465413570404,"z":-0.015719782561063768,"w":0.8553318977355957},"size":41.179054260253909,"orthographic":false}