{"cameraMode":{"drawMode":0,"name":"Shaded","section":"Shading Mode"},"sceneLighting":true,"audioPlay":false,"sceneViewState":{"m_AlwaysRefresh":false,"showFog":true,"showSkybox":true,"showFlares":true,"showImageEffects":true,"showParticleSystems":true,"showVisualEffectGraphs":true,"m_FxEnabled":true},"in2DMode":false,"pivot":{"x":-5.1834917068481449,"y":8.020867347717286,"z":-38.51604461669922},"rotation":{"x":0.32948482036590578,"y":0.24527013301849366,"z":-0.08906224370002747,"w":0.9073914289474487},"size":26.294815063476564,"orthographic":false}