{"cameraMode":{"drawMode":0,"name":"Shaded","section":"Shading Mode"},"sceneLighting":false,"audioPlay":false,"sceneViewState":{"m_AlwaysRefresh":false,"showFog":true,"showSkybox":false,"showFlares":true,"showImageEffects":true,"showParticleSystems":true,"showVisualEffectGraphs":true,"m_FxEnabled":true},"in2DMode":false,"pivot":{"x":1.83042311668396,"y":1.5167344808578492,"z":0.06521463394165039},"rotation":{"x":-0.2263128012418747,"y":-0.012567836791276932,"z":0.0029203365556895735,"w":-0.9739700555801392},"size":2.525860071182251,"orthographic":false}