{"cameraMode":{"drawMode":0,"name":"Shaded","section":"Shading Mode"},"sceneLighting":false,"audioPlay":false,"sceneViewState":{"m_AlwaysRefresh":false,"showFog":true,"showSkybox":true,"showFlares":true,"showImageEffects":true,"showParticleSystems":true,"showVisualEffectGraphs":true,"m_FxEnabled":true},"in2DMode":false,"pivot":{"x":313.60455322265627,"y":-623.6980590820313,"z":762.9035034179688},"rotation":{"x":-0.4311947524547577,"y":-0.007569530978798866,"z":0.0036501495633274318,"w":-0.9022766351699829},"size":697.7987670898438,"orthographic":false}