{"cameraMode":{"drawMode":0,"name":"Shaded","section":"Shading Mode"},"sceneLighting":false,"audioPlay":false,"sceneViewState":{"m_AlwaysRefresh":false,"showFog":true,"showSkybox":true,"showFlares":true,"showImageEffects":true,"showParticleSystems":true,"showVisualEffectGraphs":true,"m_FxEnabled":true},"in2DMode":false,"pivot":{"x":274.36676025390627,"y":-655.9945068359375,"z":723.5462646484375},"rotation":{"x":-0.4311947524547577,"y":-0.007569530978798866,"z":0.0036501495633274318,"w":-0.9022766351699829},"size":615.1403198242188,"orthographic":false}