{"cameraMode":{"drawMode":0,"name":"Shaded","section":"Shading Mode"},"sceneLighting":false,"audioPlay":false,"sceneViewState":{"m_AlwaysRefresh":false,"showFog":true,"showSkybox":false,"showFlares":true,"showImageEffects":true,"showParticleSystems":true,"showVisualEffectGraphs":true,"m_FxEnabled":true},"in2DMode":false,"pivot":{"x":69.55000305175781,"y":28.51599884033203,"z":47.81999969482422},"rotation":{"x":0.000006298022526607383,"y":-0.9998950362205505,"z":0.0008975493838079274,"w":0.015613524243235588},"size":1.4302564859390259,"orthographic":true}